{"stats":{"minecraft:used":{"minecraft:cat_spawn_egg":1},"minecraft:custom":{"minecraft:jump":47,"minecraft:time_since_rest":7126,"minecraft:waystone_activated":1,"minecraft:damage_dealt":10,"minecraft:play_one_minute":7126,"minecraft:leave_game":1,"minecraft:sprint_one_cm":17959,"minecraft:damage_taken":20,"minecraft:time_since_death":7126,"minecraft:walk_one_cm":3604,"minecraft:sneak_time":8,"minecraft:climb_one_cm":57,"minecraft:talked_to_villager":1,"minecraft:drop":1,"minecraft:fall_one_cm":482,"minecraft:fly_one_cm":56150},"minecraft:dropped":{"minecraft:grass":1}},"DataVersion":2586}